date_or_range,audience,type,source_note
2026-04-08,89912,daily,톱스타뉴스 4/8 기사 (개봉일)
2026-04-09,70759,daily,위키트리 기사 — 같은 기사 내 누적치(187585)와 정확히 안 맞음(오차 약 2만7천), 참고용으로만 사용
2026-04-09,187585,cumulative,위키트리 기사 (누적)
2026-04-10~2026-04-12,536452,weekend_total,MK스포츠·이데일리 (첫 주말 합계, 일별 미분리)
2026-04-13,797643,cumulative,뉴시스 계열 보도 — 영화진흥위원회 통합전산망 기준(오전 7시)
2026-04-17~2026-04-19,472109,weekend_total,econovill (2주차 주말 합계)
2026-04-23,1640000,cumulative,톱스타뉴스 (기사 제목에 명시된 누적치)
2026-04-24,1730000,cumulative,톱스타뉴스 (기사 제목에 명시된 누적치)
2026-04-24~2026-04-26,343463,weekend_total,스타뉴스 (3주차 주말 합계)
2026-04-25,1870000,cumulative,톱스타뉴스 4/25 기사 (누적) — 별도 기사(4월25일 관객수 기사)로도 187만 교차확인됨
2026-04-26,1980000,cumulative,톱스타뉴스 4/26 기사 (누적) — 별도 기사로도 198만 교차확인됨. 4/25 대비 일별 약 110000명 역산 가능
2026-04-28,2076829,cumulative,톱스타뉴스 (기사 제목 "누적 207만 6829명"으로 정확한 값 확인)
2026-04-30,2237975,cumulative,톱스타뉴스 (기사 제목 "10만2081명 동원, 누적 223만7975명"으로 정확한 값 확인 — 기존 econovill 4월결산 추정치 2230000보다 정밀)
