date,전체방문자,외지인방문자,현지인방문자
2025-11-01,51566,31644,19922
2025-11-02,45734,26474,19260
2025-11-03,36578,13408,23170
2025-11-04,38143,14598,23544
2025-11-05,37460,14122,23338
2025-11-06,38052,14794,23258
2025-11-07,42196,18876,23320
2025-11-08,47142,27562,19579
2025-11-09,45122,25984,19138
2025-11-10,37146,14108,23037
2025-11-11,38160,14410,23751
2025-11-12,37474,14108,23366
2025-11-13,38098,15026,23072
2025-11-14,41944,18812,23132
2025-11-15,47159,27398,19761
2025-11-16,43452,24248,19204
2025-11-17,35976,13240,22736
2025-11-18,35490,12960,22530
2025-11-19,36530,13328,23202
2025-11-20,36614,13748,22866
2025-11-21,39420,16516,22904
2025-11-22,41328,21966,19362
2025-11-23,39018,20356,18662
2025-11-24,37016,13874,23142
2025-11-25,35038,12918,22120
2025-11-26,36536,13580,22956
2025-11-27,34069,12058,22012
2025-11-28,37236,14542,22694
2025-11-29,39683,20492,19190
2025-11-30,36250,17622,18627
2025-12-01,33044,10367,22676
2025-12-02,32736,10356,22379
2025-12-03,32746,10577,22169
2025-12-04,32428,10164,22264
2025-12-05,33148,11067,22082
2025-12-06,34685,15792,18893
2025-12-07,32333,14046,18288
2025-12-08,32165,9958,22208
2025-12-09,33408,11186,22222
2025-12-10,33338,11008,22330
2025-12-11,32434,10521,21914
2025-12-12,35066,12750,22316
2025-12-13,34783,16268,18515
2025-12-14,31174,13594,17580
2025-12-15,32098,10276,21822
2025-12-16,32910,11004,21906
2025-12-17,33274,11098,22176
2025-12-18,33439,11382,22057
2025-12-19,36351,14122,22228
2025-12-20,35780,17196,18585
2025-12-21,34188,16166,18022
2025-12-22,33579,11764,21816
2025-12-23,33848,11830,22018
2025-12-24,35536,13352,22183
2025-12-25,33453,14966,18487
2025-12-26,36407,15782,20626
2025-12-27,36592,18728,17864
2025-12-28,35214,17458,17756
2025-12-29,34604,13083,21522
2025-12-30,34160,12534,21626
2025-12-31,36536,14973,21564
2026-01-01,35276,18382,16894
2026-01-02,34342,14728,19614
2026-01-03,35354,17976,17378
2026-01-04,34052,16296,17756
2026-01-05,31003,9908,21094
2026-01-06,31364,10178,21186
2026-01-07,30751,9919,20832
2026-01-08,30552,10073,20478
2026-01-09,33215,12439,20776
2026-01-10,29932,14196,15736
2026-01-11,29544,13478,16065
2026-01-12,28973,9300,19674
2026-01-13,29368,9656,19712
2026-01-14,31724,11084,20640
2026-01-15,30272,10566,19705
2026-01-16,33512,13202,20310
2026-01-17,37622,20006,17616
2026-01-18,34514,17706,16807
2026-01-19,30040,10406,19635
2026-01-20,30922,10955,19968
2026-01-21,30838,10882,19957
2026-01-22,30247,10626,19621
2026-01-23,32680,12652,20027
2026-01-24,33208,16328,16880
2026-01-25,33341,16558,16782
2026-01-26,30947,11260,19688
2026-01-27,31948,12170,19778
2026-01-28,31794,11798,19996
2026-01-29,32158,12204,19954
2026-01-30,32669,12768,19901
2026-01-31,36253,18942,17311
2026-02-01,33131,16048,17084
2026-02-02,28130,8782,19348
2026-02-03,31017,10322,20696
2026-02-04,32392,11190,21203
2026-02-05,31171,10672,20500
2026-02-06,32526,11662,20864
2026-02-07,34184,16782,17402
2026-02-08,32508,15600,16908
2026-02-09,32578,11522,21056
2026-02-10,32508,11382,21126
2026-02-11,32508,11263,21245
2026-02-12,32540,11319,21220
2026-02-13,34444,13412,21032
2026-02-14,43298,25070,18228
2026-02-15,51628,35066,16562
2026-02-16,59920,44376,15544
2026-02-17,61198,46260,14938
2026-02-18,41622,25998,15624
2026-02-19,34888,14700,20188
2026-02-20,35906,15572,20335
2026-02-21,42602,24808,17794
2026-02-22,35889,19190,16698
2026-02-23,35931,15264,20668
2026-02-24,33656,13762,19894
2026-02-25,38052,16996,21056
2026-02-26,37562,16516,21046
2026-02-27,40596,19817,20780
2026-02-28,53438,34912,18526
2026-03-01,55122,37457,17664
2026-03-02,36918,19772,17146
2026-03-03,33520,11739,21780
2026-03-04,36396,14402,21994
2026-03-05,36018,14150,21868
2026-03-06,35728,14350,21378
2026-03-07,40344,21802,18543
2026-03-08,38857,20724,18134
2026-03-09,35259,13934,21326
2026-03-10,36446,14948,21497
2026-03-11,37107,15474,21634
2026-03-12,37156,15260,21896
2026-03-13,39714,17896,21819
2026-03-14,45248,26352,18896
2026-03-15,39714,21812,17902
2026-03-16,35900,14210,21690
2026-03-17,38654,16908,21746
2026-03-18,35553,14452,21102
2026-03-19,39109,17073,22036
2026-03-20,40954,18728,22225
2026-03-21,46372,27440,18932
2026-03-22,42438,24146,18291
2026-03-23,37208,15418,21791
2026-03-24,40523,18256,22267
2026-03-25,39844,17958,21886
2026-03-26,40814,18904,21910
2026-03-27,43418,21452,21966
2026-03-28,49112,30152,18960
2026-03-29,46294,27489,18806
2026-03-30,38070,16457,21612
2026-03-31,39018,17556,21462
2026-04-01,33708,12470,21238
2026-04-02,34576,13332,21245
2026-04-03,38384,16712,21672
2026-04-04,42256,24014,18242
2026-04-05,42354,23373,18980
2026-04-06,33285,12229,21056
2026-04-07,37096,15918,21178
2026-04-08,36796,15316,21480
2026-04-09,35522,14648,20874
2026-04-10,38434,17878,20556
2026-04-11,52360,33352,19008
2026-04-12,48310,29519,18792
2026-04-13,36502,15180,21322
2026-04-14,40470,18739,21732
2026-04-15,41212,19824,21388
2026-04-16,42780,21388,21392
2026-04-17,42770,21304,21466
2026-04-18,53764,34814,18949
2026-04-19,51426,32305,19120
2026-04-20,35868,14777,21091
2026-04-21,39872,18260,21612
2026-04-22,39235,17563,21672
2026-04-23,41240,19446,21794
2026-04-24,57876,34475,23401
2026-04-25,72978,52129,20850
2026-04-26,63948,43894,20055
2026-04-27,37278,16037,21242
2026-04-28,38612,17605,21007
2026-04-29,40806,19068,21738
2026-04-30,44768,22978,21791
2026-05-01,72768,53182,19586
2026-05-02,81378,62580,18798
2026-05-03,62926,45605,17322
2026-05-04,54789,33523,21266
2026-05-05,48850,28388,20461
2026-05-06,37412,13744,23667
2026-05-07,39011,15365,23646
2026-05-08,42217,18728,23488
2026-05-09,54246,33988,20258
2026-05-10,50015,30516,19498
2026-05-11,36320,13566,22754
2026-05-12,40288,17160,23128
2026-05-13,40778,17353,23426
2026-05-14,42665,19338,23328
2026-05-15,43981,20696,23286
2026-05-16,55654,35875,19778
2026-05-17,50512,31084,19428
2026-05-18,39540,16544,22995
2026-05-19,43239,20128,23110
2026-05-20,36736,14945,21791
2026-05-21,39032,16418,22614
2026-05-22,46014,22666,23348
2026-05-23,68414,48468,19946
2026-05-24,78715,59384,19330
2026-05-25,60550,40901,19649
2026-05-26,37940,14574,23366
2026-05-27,39053,15673,23380
2026-05-28,40534,17272,23261
2026-05-29,45045,21350,23695
2026-05-30,54716,34380,20335
2026-05-31,50886,31412,19474
2026-06-01,37524,13748,23776
2026-06-02,39998,16212,23786
2026-06-03,43253,21364,21889
2026-06-04,40344,16695,23650
2026-06-05,45563,21710,23852
2026-06-06,59136,39515,19621
2026-06-07,53088,33782,19306
2026-06-08,38672,15228,23443
2026-06-09,42746,18932,23814
2026-06-10,41076,17304,23772
2026-06-11,47114,23324,23790
2026-06-12,46882,23492,23390
2026-06-13,58510,38423,20086
2026-06-14,54352,34822,19530
2026-06-15,39760,16415,23345
2026-06-16,42553,18907,23646
2026-06-17,41108,17560,23548
2026-06-18,41272,17910,23362
2026-06-19,45112,21854,23258
2026-06-20,49224,30852,18372
2026-06-21,50718,31028,19691
2026-06-22,40054,16544,23510
2026-06-23,43194,19722,23471
2026-06-24,43400,19558,23842
2026-06-25,40887,17927,22960
2026-06-26,46725,23230,23496
2026-06-27,57698,37754,19943
2026-06-28,54730,35410,19320
2026-06-29,42091,18844,23247
2026-06-30,41461,18305,23156
2026-07-01,38132,14707,23426
2026-07-02,39484,16520,22964
2026-07-03,43978,20685,23292
2026-07-04,56612,36760,19852
2026-07-05,51300,32014,19285
2026-07-06,36796,14049,22746
2026-07-07,37436,14738,22698
2026-07-08,36659,14094,22564
2026-07-09,36946,14668,22278
2026-07-10,43148,19684,23464
2026-07-11,54145,34440,19705
2026-07-12,53134,33786,19348
2026-07-13,39644,16908,22736
2026-07-14,40558,17630,22928
2026-07-15,38255,15466,22788
2026-07-16,45118,22162,22956
2026-07-17,66944,47534,19411
2026-07-18,59084,41492,17591
2026-07-19,54218,35312,18907
2026-07-20,37485,15194,22292
2026-07-21,38594,16208,22386
2026-07-22,38563,16278,22284
2026-07-23,41097,18886,22211
2026-07-24,46732,24325,22407
2026-07-25,57824,38182,19642
2026-07-26,56878,38304,18574
2026-07-27,48062,26250,21812
2026-07-28,49864,28175,21690
2026-07-29,53238,31087,22152
2026-07-30,56987,35224,21763
2026-07-31,67634,45423,22211
2026-08-01,80426,60851,19576
2026-08-02,79016,59976,19040
2026-08-03,61523,39876,21648
2026-08-04,58625,36950,21676
2026-08-05,52678,30639,22040
2026-08-06,50494,28494,22001
2026-08-07,55234,33506,21728
2026-08-08,66374,46946,19428
2026-08-09,63490,44432,19058
2026-08-10,46722,24854,21868
2026-08-11,47260,24930,22330
2026-08-12,47698,25354,22344
2026-08-13,48594,26159,22435
2026-08-14,55699,33383,22316
2026-08-15,84133,65226,18907
2026-08-16,77868,60256,17612
2026-08-17,62794,43656,19138
2026-08-18,43526,20584,22942
2026-08-19,44306,21245,23062
2026-08-20,42332,19418,22914
2026-08-21,45210,22088,23121
2026-08-22,52238,33173,19064
2026-08-23,52658,33348,19310
2026-08-24,41307,18476,22830
2026-08-25,43558,20405,23152
2026-08-26,42508,19464,23044
2026-08-27,43134,20100,23034
2026-08-28,45616,22680,22936
2026-08-29,52686,33288,19397
2026-08-30,48884,29928,18956
2026-08-31,36236,14116,22120
2026-09-01,35728,12926,22802
2026-09-02,36680,13562,23118
2026-09-03,39487,16054,23432
2026-09-04,42962,19632,23331
2026-09-05,55496,35374,20122
2026-09-06,49455,29764,19691
2026-09-07,38924,15550,23373
2026-09-08,41422,17832,23590
2026-09-09,40674,17038,23636
2026-09-10,40453,17031,23422
2026-09-11,44828,20881,23947
