date,KOBIS_관객수,KOBIS_누적관객수
2021-02-26,189,189
2021-03-18,735,924
2021-03-19,99,1023
2021-03-20,97,1120
2021-03-22,186,1306
2021-03-23,870,2176
2021-03-24,130,2306
2021-03-25,655,2961
2021-03-29,,2961
2021-03-31,34877,37838
2021-04-01,15973,53811
2021-04-02,17264,71075
2021-04-03,50140,121215
2021-04-04,41624,162839
2021-04-05,10807,173646
2021-04-06,10091,183737
2021-04-07,9587,193324
2021-04-08,8099,201423
2021-04-09,10658,212081
2021-04-10,22502,234583
2021-04-11,20975,255558
2021-04-12,8042,263600
2021-04-13,6812,270412
2021-04-14,6649,277061
2021-04-15,3577,280638
2021-04-16,4462,285100
2021-04-17,9194,294294
2021-04-18,8109,302403
2021-04-19,2776,305179
2021-04-20,2712,307891
2021-04-21,2450,310341
2021-04-22,1880,312221
2021-04-23,2662,314883
2021-04-24,4539,319422
2021-04-25,4282,323704
2021-04-26,1526,325230
2021-04-27,1708,326938
2021-04-28,1034,327972
2021-04-29,993,328965
2021-04-30,970,329935
2021-05-01,1474,331409
2021-05-02,1341,332750
2021-05-03,677,333427
2021-05-04,875,334302
2021-05-05,610,334912
2021-05-06,185,335097
2021-05-07,305,335402
2021-05-08,325,335727
2021-05-09,351,336078
2021-05-10,134,336212
2021-05-11,151,336363
2021-05-12,110,336473
2021-05-13,202,336675
2021-05-14,141,336816
2021-05-15,314,337130
2021-05-16,613,337743
2021-05-17,107,337850
2021-05-18,92,337942
2021-05-19,128,338070
2021-05-20,44,338114
2021-05-21,50,338164
2021-05-22,71,338235
2021-05-23,48,338283
2021-05-24,18,338301
2021-05-25,36,338337
2021-05-26,9,338346
2021-05-27,10,338356
2021-05-28,161,338517
2021-05-29,27,338544
2021-05-30,38,338582
2021-05-31,26,338608
2021-06-09,55,338663
2021-06-12,100,338763
2021-06-15,80,338843
2021-06-19,20,338863
2021-06-20,26,338889
2021-06-22,16,338905
2021-07-02,15,338920
2021-07-03,68,338988
2021-07-17,895,339883
2021-07-18,880,340763
2021-08-18,,340763
2021-09-29,194,340957
2021-09-30,66,341023
2021-10-14,6,341029
2021-10-15,25,341054
2021-10-16,54,341108
2021-10-17,13,341121
2021-10-18,17,341138
2021-10-19,1219,342357
2021-10-20,5,342362
2021-10-21,7,342369
2021-10-22,38,342407
2021-10-23,8,342415
2021-10-24,16,342431
2021-10-25,15,342446
2021-10-26,15,342461
2021-10-27,6,342467
2021-10-28,4,342471
2021-10-29,42,342513
2021-10-30,1,342514
