date,영월,청령포,장릉,note
2026-03-10,47,,21,
2026-03-11,41,,,
2026-03-12,59,,,
2026-03-13,61,,,
2026-03-14,72,,,
2026-03-15,59,,22,
2026-03-16,45,,,
2026-03-17,49,,23,
2026-03-18,39,,,
2026-03-19,58,,,
2026-03-20,50,17,,
2026-03-21,65,,24,
2026-03-22,43,,,
2026-03-23,76,,,
2026-03-24,52,,,
2026-03-25,47,18,,
2026-03-26,38,19,,
2026-03-27,48,,24,
2026-03-28,51,,25,
2026-03-29,49,,29,
2026-03-30,43,,21,
2026-03-31,29,,18,
2026-04-01,49,,16,
2026-04-02,44,,,
2026-04-03,53,,,
2026-04-04,36,,,
2026-04-05,37,,,
2026-04-06,33,,31,
2026-04-07,63,,15,
2026-04-08,38,,26,
2026-04-09,43,,,
2026-04-10,44,,21,
2026-04-11,34,,,
2026-04-12,37,,17,
2026-04-13,43,,,
2026-04-14,22,,,
2026-04-15,36,,,
2026-04-16,40,,18,
2026-04-17,34,,16,
2026-04-18,30,,30,
2026-04-19,33,,,
2026-04-20,38,,,
2026-04-21,39,,20,
2026-04-22,45,,,
2026-04-23,41,17,,
2026-04-24,51,,,
2026-04-25,40,,,
2026-04-26,47,,,
2026-04-27,43,,,
2026-04-28,44,,,
2026-04-29,36,,,
2026-04-30,52,,,
2026-05-01,47,17,,
2026-05-02,46,,,
2026-05-03,48,,21,
2026-05-04,62,17,,어린이날 연휴
2026-05-05,100,,24,어린이날 - 재정점(영화 외 요인 가능성, 가정의달 여행 시즌 겹침 의심)
2026-05-06,42,,17,
2026-05-07,37,,,
