date,군위,note
2018-01-29,0,결측치
2018-01-30,0,결측치
2018-01-31,0,결측치
2018-02-01,0,결측치
2018-02-02,0,결측치
2018-02-03,0,결측치
2018-02-04,0,결측치
2018-02-05,0,결측치
2018-02-06,0,결측치
2018-02-07,0,결측치
2018-02-08,0,결측치
2018-02-09,0,결측치
2018-02-10,0,결측치
2018-02-11,0,결측치
2018-02-12,0,결측치
2018-02-13,0,결측치
2018-02-14,0,결측치
2018-02-15,0,결측치
2018-02-16,0,결측치
2018-02-17,0,결측치
2018-02-18,0,결측치
2018-02-19,0,결측치
2018-02-20,0,결측치
2018-02-21,0,결측치
2018-02-22,100,개봉 6일전 - 단발성 스파이크(원인 불명, 검색량 자체가 낮아 노이즈 가능성 있음)
2018-02-23,0,결측치
2018-02-24,0,결측치
2018-02-25,0,결측치
2018-02-26,0,결측치
2018-02-27,0,결측치
2018-02-28,0,개봉일(D+0) - 결측치(검색량 부족)
2018-03-01,69,D+1 - 단발성 스파이크
2018-03-02,0,결측치
2018-03-03,0,결측치
2018-03-04,0,결측치
2018-03-05,0,결측치
2018-03-06,0,결측치
2018-03-07,0,결측치
2018-03-08,0,결측치
2018-03-09,0,결측치
2018-03-10,0,결측치
2018-03-11,0,결측치
2018-03-12,0,결측치
2018-03-13,0,결측치
2018-03-14,0,결측치
2018-03-15,0,결측치
2018-03-16,0,결측치
2018-03-17,0,결측치
2018-03-18,0,결측치
2018-03-19,0,결측치
2018-03-20,0,결측치
2018-03-21,0,결측치
2018-03-22,0,결측치
2018-03-23,0,결측치
2018-03-24,0,결측치
2018-03-25,0,결측치
2018-03-26,0,결측치
2018-03-27,0,결측치
2018-03-28,0,결측치
2018-03-29,0,결측치
2018-03-30,0,결측치
