date,곡성,note
2016-04-12,0,
2016-04-13,0,
2016-04-14,1,
2016-04-15,0,
2016-04-16,1,
2016-04-17,1,
2016-04-18,0,
2016-04-19,0,
2016-04-20,0,
2016-04-21,0,
2016-04-22,0,
2016-04-23,0,
2016-04-24,0,
2016-04-25,1,
2016-04-26,0,
2016-04-27,1,
2016-04-28,1,
2016-04-29,1,
2016-04-30,0,
2016-05-01,2,
2016-05-02,1,
2016-05-03,4,
2016-05-04,3,
2016-05-05,4,
2016-05-06,5,
2016-05-07,7,
2016-05-08,4,
2016-05-09,5,
2016-05-10,7,
2016-05-11,20,개봉 전날 - 사전 급등
2016-05-12,33,개봉일(D+0)
2016-05-13,35,
2016-05-14,45,
2016-05-15,50,정점
2016-05-16,35,
2016-05-17,26,
2016-05-18,24,
2016-05-19,28,
2016-05-20,31,
2016-05-21,44,
2016-05-22,43,
2016-05-23,25,
2016-05-24,19,
2016-05-25,19,
2016-05-26,19,
2016-05-27,23,
2016-05-28,32,
2016-05-29,29,
2016-05-30,17,
2016-05-31,14,
2016-06-01,17,
2016-06-02,22,
2016-06-03,24,
2016-06-04,37,
2016-06-05,39,
2016-06-06,31,
2016-06-07,19,
2016-06-08,16,
2016-06-09,17,
2016-06-10,19,
2016-06-11,28,
2016-06-12,25,
2016-06-13,16,
2016-06-14,14,
2016-06-15,16,
2016-06-16,14,
2016-06-17,18,
2016-06-18,32,
2016-06-19,28,
2016-06-20,20,
2016-06-21,20,
