date,소풍,note
2023-11-01,24,
2023-11-02,44,
2023-11-03,0,결측치
2023-11-04,27,
2023-11-05,44,
2023-11-06,27,
2023-11-07,27,
2023-11-08,33,
2023-11-09,24,
2023-11-10,45,
2023-11-11,0,결측치
2023-11-12,0,결측치
2023-11-13,34,
2023-11-14,31,
2023-11-15,30,
2023-11-16,0,결측치
2023-11-17,0,결측치
2023-11-18,24,
2023-11-19,25,
2023-11-20,32,
2023-11-21,0,결측치
2023-11-22,0,결측치
2023-11-23,26,
2023-11-24,0,결측치
2023-11-25,33,
2023-11-26,0,결측치
2023-11-27,22,
2023-11-28,25,
2023-11-29,24,
2023-11-30,26,
2023-12-01,0,결측치
2023-12-02,0,결측치
2023-12-03,0,결측치
2023-12-04,0,결측치
2023-12-05,21,
2023-12-06,21,
2023-12-07,27,
2023-12-08,25,
2023-12-09,30,
2023-12-10,22,
2023-12-11,29,
2023-12-12,27,
2023-12-13,28,
2023-12-14,26,
2023-12-15,25,
2023-12-16,25,
2023-12-17,35,
2023-12-18,0,결측치
2023-12-19,0,결측치
2023-12-20,0,결측치
2023-12-21,38,
2023-12-22,31,
2023-12-23,38,
2023-12-24,0,결측치
2023-12-25,36,
2023-12-26,21,
2023-12-27,37,
2023-12-28,30,
2023-12-29,39,
2023-12-30,0,결측치
2023-12-31,38,
2024-01-01,28,
2024-01-02,24,
2024-01-03,0,결측치
2024-01-04,35,
2024-01-05,0,결측치
2024-01-06,57,
2024-01-07,60,
2024-01-08,38,
2024-01-09,30,
2024-01-10,43,
2024-01-11,37,
2024-01-12,27,
2024-01-13,42,
2024-01-14,29,
2024-01-15,27,
2024-01-16,34,
2024-01-17,23,
2024-01-18,0,결측치
2024-01-19,39,
2024-01-20,24,
2024-01-21,0,결측치
2024-01-22,28,
2024-01-23,45,
2024-01-24,21,
2024-01-25,37,
2024-01-26,0,결측치
2024-01-27,28,
2024-01-28,62,
2024-01-29,34,
2024-01-30,46,
2024-01-31,39,
2024-02-01,29,
2024-02-02,35,
2024-02-03,35,
2024-02-04,25,
2024-02-05,41,
2024-02-06,0,결측치
2024-02-07,74,개봉일(D+0)
2024-02-08,47,
2024-02-09,50,
2024-02-10,100,정점(index=100)
2024-02-11,68,
2024-02-12,51,
2024-02-13,63,
2024-02-14,39,
2024-02-15,84,
2024-02-16,76,
2024-02-17,55,
2024-02-18,86,
2024-02-19,46,
2024-02-20,39,
2024-02-21,50,
2024-02-22,95,
2024-02-23,52,
2024-02-24,52,
2024-02-25,62,
2024-02-26,36,
2024-02-27,45,
2024-02-28,45,
2024-02-29,57,
2024-03-01,44,
2024-03-02,39,
2024-03-03,68,
2024-03-04,20,
2024-03-05,41,
2024-03-06,45,
2024-03-07,40,
2024-03-08,46,
2024-03-09,31,
2024-03-10,59,
2024-03-11,57,
2024-03-12,48,
2024-03-13,58,
2024-03-14,44,
2024-03-15,44,
2024-03-16,71,
2024-03-17,40,
2024-03-18,32,
2024-03-19,39,
2024-03-20,25,
2024-03-21,40,
2024-03-22,43,
2024-03-23,29,
2024-03-24,49,
2024-03-25,38,
2024-03-26,51,
2024-03-27,41,
2024-03-28,43,
2024-03-29,36,
2024-03-30,81,
2024-03-31,53,
2024-04-01,28,
2024-04-02,52,
2024-04-03,48,
2024-04-04,33,
2024-04-05,44,
2024-04-06,36,
2024-04-07,23,
2024-04-08,30,
2024-04-09,61,
2024-04-10,37,
2024-04-11,45,
2024-04-12,44,
2024-04-13,60,
2024-04-14,33,
2024-04-15,37,
2024-04-16,51,
2024-04-17,37,
2024-04-18,50,
2024-04-19,38,
2024-04-20,44,
2024-04-21,46,
2024-04-22,40,
2024-04-23,42,
2024-04-24,59,
2024-04-25,56,
2024-04-26,63,
2024-04-27,39,
2024-04-28,59,
2024-04-29,44,
2024-04-30,69,
2024-05-01,39,
2024-05-02,51,
2024-05-03,37,
2024-05-04,55,
2024-05-05,38,
2024-05-06,38,
2024-05-07,41,
2024-05-08,40,
2024-05-09,46,
2024-05-10,39,
2024-05-11,45,
2024-05-12,25,
2024-05-13,20,
2024-05-14,35,
2024-05-15,31,
2024-05-16,28,
2024-05-17,37,
2024-05-18,36,
2024-05-19,36,
2024-05-20,43,
2024-05-21,70,
2024-05-22,55,
2024-05-23,35,
2024-05-24,37,
2024-05-25,0,결측치
2024-05-26,35,
2024-05-27,39,
2024-05-28,58,
2024-05-29,44,
2024-05-30,43,
2024-05-31,47,
