date,예산,살목지,note
2026-03-09,5,,
2026-03-10,4,,
2026-03-11,5,,
2026-03-12,4,,
2026-03-13,4,1,
2026-03-14,3,,
2026-03-15,3,,
2026-03-16,4,,
2026-03-17,4,,
2026-03-18,5,,
2026-03-19,5,,
2026-03-20,4,,
2026-03-21,2,,
2026-03-22,3,1,
2026-03-23,5,1,
2026-03-24,5,1,
2026-03-25,5,1,
2026-03-26,5,<1,
2026-03-27,5,1,
2026-03-28,4,2,
2026-03-29,3,1,
2026-03-30,5,2,
2026-03-31,5,2,
2026-04-01,5,1,
2026-04-02,5,2,
2026-04-03,4,2,
2026-04-04,3,4,
2026-04-05,3,2,평시 마지막 구간
2026-04-06,65,4,D-2, 개봉전 사전 급등(시사회/보도 추정)
2026-04-07,86,3,D-1
2026-04-08,47,9,개봉일(D+0)
2026-04-09,100,12,정점(index=100), D+1
2026-04-10,15,11,급락 시작
2026-04-11,13,17,
2026-04-12,6,16,
2026-04-13,6,15,
2026-04-14,7,13,예산군 야간출입 전면통제 발표일(공식대응, D+6)
2026-04-15,6,11,
2026-04-16,7,16,
2026-04-17,5,11,
2026-04-18,9,14,
2026-04-19,7,12,
2026-04-20,5,7,
2026-04-21,5,7,
2026-04-22,5,7,
2026-04-23,6,6,
2026-04-24,4,8,
2026-04-25,3,13,
2026-04-26,4,10,
2026-04-27,4,6,
2026-04-28,5,6,
2026-04-29,5,10,
2026-04-30,4,13,
2026-05-01,3,11,
2026-05-02,3,10,
2026-05-03,4,9,
2026-05-04,4,8,
2026-05-05,3,9,
2026-05-06,6,5,
2026-05-07,5,4,
2026-05-08,6,4,
2026-05-09,3,6,
2026-05-10,3,6,
2026-05-11,6,3,
