date,파묘,note
2023-11-01,0,
2023-11-02,0,
2023-11-03,0,
2023-11-04,0,
2023-11-05,0,
2023-11-06,0,
2023-11-07,0,
2023-11-08,0,
2023-11-09,0,
2023-11-10,0,
2023-11-11,0,
2023-11-12,0,
2023-11-13,0,
2023-11-14,0,
2023-11-15,0,
2023-11-16,0,
2023-11-17,0,
2023-11-18,0,
2023-11-19,0,
2023-11-20,0,
2023-11-21,0,
2023-11-22,0,
2023-11-23,0,
2023-11-24,0,
2023-11-25,0,
2023-11-26,0,
2023-11-27,0,
2023-11-28,0,
2023-11-29,0,
2023-11-30,0,
2023-12-01,0,
2023-12-02,0,
2023-12-03,0,
2023-12-04,0,
2023-12-05,0,
2023-12-06,0,
2023-12-07,0,
2023-12-08,0,
2023-12-09,0,
2023-12-10,0,
2023-12-11,0,
2023-12-12,0,
2023-12-13,0,
2023-12-14,0,
2023-12-15,0,
2023-12-16,0,
2023-12-17,0,
2023-12-18,0,
2023-12-19,0,
2023-12-20,0,
2023-12-21,0,
2023-12-22,0,
2023-12-23,0,
2023-12-24,0,
2023-12-25,0,
2023-12-26,0,
2023-12-27,0,
2023-12-28,0,
2023-12-29,0,
2023-12-30,0,
2023-12-31,0,
2024-01-01,0,
2024-01-02,0,
2024-01-03,0,
2024-01-04,0,
2024-01-05,1,
2024-01-06,1,
2024-01-07,0,
2024-01-08,2,
2024-01-09,2,
2024-01-10,3,
2024-01-11,2,
2024-01-12,2,
2024-01-13,2,
2024-01-14,2,
2024-01-15,1,
2024-01-16,1,
2024-01-17,2,
2024-01-18,2,
2024-01-19,1,
2024-01-20,2,
2024-01-21,1,
2024-01-22,1,
2024-01-23,1,
2024-01-24,1,
2024-01-25,1,
2024-01-26,1,
2024-01-27,3,
2024-01-28,2,
2024-01-29,1,
2024-01-30,3,
2024-01-31,4,
2024-02-01,2,
2024-02-02,3,
2024-02-03,3,
2024-02-04,8,
2024-02-05,2,
2024-02-06,2,
2024-02-07,4,
2024-02-08,4,
2024-02-09,4,
2024-02-10,8,
2024-02-11,5,
2024-02-12,4,
2024-02-13,4,
2024-02-14,4,
2024-02-15,5,
2024-02-16,6,
2024-02-17,7,
2024-02-18,7,
2024-02-19,6,
2024-02-20,10,
2024-02-21,15,
2024-02-22,43,개봉일(D+0)
2024-02-23,53,
2024-02-24,71,
2024-02-25,74,
2024-02-26,55,
2024-02-27,48,
2024-02-28,50,
2024-02-29,50,
2024-03-01,78,
2024-03-02,100,정점(index=100)
2024-03-03,84,
2024-03-04,50,
2024-03-05,36,
2024-03-06,31,
2024-03-07,26,
2024-03-08,37,
2024-03-09,57,
2024-03-10,55,
2024-03-11,33,
2024-03-12,27,
2024-03-13,26,
2024-03-14,25,
2024-03-15,29,
2024-03-16,50,
2024-03-17,39,
2024-03-18,21,
2024-03-19,19,
2024-03-20,22,
2024-03-21,21,
2024-03-22,27,
2024-03-23,39,
2024-03-24,54,
2024-03-25,28,
2024-03-26,19,
2024-03-27,22,
2024-03-28,19,
2024-03-29,21,
2024-03-30,31,
2024-03-31,25,
2024-04-01,17,
2024-04-02,16,
2024-04-03,16,
2024-04-04,16,
2024-04-05,18,
2024-04-06,23,
2024-04-07,21,
2024-04-08,15,
2024-04-09,15,
2024-04-10,18,
2024-04-11,13,
2024-04-12,17,
2024-04-13,20,
2024-04-14,18,
2024-04-15,12,
2024-04-16,11,
2024-04-17,10,
2024-04-18,14,
2024-04-19,15,
2024-04-20,25,
2024-04-21,24,
2024-04-22,28,
2024-04-23,24,
2024-04-24,19,
2024-04-25,20,
2024-04-26,22,
2024-04-27,32,
2024-04-28,26,
2024-04-29,18,
2024-04-30,16,
2024-05-01,18,
2024-05-02,12,
2024-05-03,14,
2024-05-04,23,
2024-05-05,28,
2024-05-06,22,
2024-05-07,13,
2024-05-08,13,
2024-05-09,12,
2024-05-10,20,
2024-05-11,30,
2024-05-12,23,
2024-05-13,15,
2024-05-14,13,
2024-05-15,19,
2024-05-16,11,
2024-05-17,11,
2024-05-18,16,
2024-05-19,12,
2024-05-20,7,
2024-05-21,6,
2024-05-22,5,
2024-05-23,5,
2024-05-24,5,
2024-05-25,9,
2024-05-26,9,
2024-05-27,5,
2024-05-28,5,
2024-05-29,5,
2024-05-30,3,
2024-05-31,5,
2024-06-01,7,
2024-06-02,6,
2024-06-03,3,
2024-06-04,3,
2024-06-05,4,
2024-06-06,5,
2024-06-07,5,
2024-06-08,6,
2024-06-09,5,
2024-06-10,2,
2024-06-11,3,
2024-06-12,3,
2024-06-13,3,
2024-06-14,3,
2024-06-15,6,
2024-06-16,5,
2024-06-17,3,
2024-06-18,4,
2024-06-19,3,
2024-06-20,3,
2024-06-21,4,
2024-06-22,6,
2024-06-23,5,
2024-06-24,2,
2024-06-25,3,
2024-06-26,3,
2024-06-27,3,
2024-06-28,3,
2024-06-29,5,
2024-06-30,4,
