date,헤어질결심,영랑호,note
2022-05-30,12,,
2022-05-31,8,,
2022-06-01,9,,
2022-06-02,7,,
2022-06-03,6,,
2022-06-04,10,,
2022-06-05,0,,결측치
2022-06-06,0,,결측치
2022-06-07,0,,결측치
2022-06-08,0,,결측치
2022-06-09,0,,결측치
2022-06-10,5,,
2022-06-11,9,6,
2022-06-12,9,,
2022-06-13,7,,
2022-06-14,6,,
2022-06-15,7,,
2022-06-16,6,,
2022-06-17,7,,
2022-06-18,10,,
2022-06-19,7,,
2022-06-20,7,,
2022-06-21,11,,
2022-06-22,17,,
2022-06-23,12,,
2022-06-24,20,,
2022-06-25,16,,
2022-06-26,17,,
2022-06-27,12,,
2022-06-28,15,,
2022-06-29,75,,개봉일(D+0) - 칸영화제 감독상 수상작, 국내 정식개봉
2022-06-30,66,,
2022-07-01,65,,
2022-07-02,96,,
2022-07-03,100,,정점(index=100)
2022-07-04,67,,
2022-07-05,61,,
2022-07-06,61,,
2022-07-07,55,,
2022-07-08,54,,
2022-07-09,79,,
2022-07-10,81,,
2022-07-11,60,,
2022-07-12,56,,
2022-07-13,50,,
2022-07-14,45,,
2022-07-15,57,,
2022-07-16,73,,
2022-07-17,65,,
2022-07-18,54,,
2022-07-19,44,,
2022-07-20,41,,
2022-07-21,44,,
2022-07-22,48,,
2022-07-23,74,,
2022-07-24,64,,
2022-07-25,44,,
2022-07-26,43,,
2022-07-27,39,,
2022-07-28,35,,
2022-07-29,46,,이후 데이터는 재조회 필요
