date,국제시장,note
2014-11-24,6,
2014-11-28,4,
2014-11-29,4,
2014-12-01,5,
2014-12-02,4,
2014-12-06,8,
2014-12-07,5,
2014-12-09,8,
2014-12-10,8,
2014-12-11,6,
2014-12-12,4,
2014-12-13,7,
2014-12-14,5,
2014-12-15,10,
2014-12-16,11,
2014-12-17,19,개봉일(D+0) - 여기부터 뚜렷하게 오름
2014-12-18,25,
2014-12-19,30,
2014-12-20,49,
2014-12-21,48,
2014-12-22,43,
2014-12-23,36,
2014-12-24,37,
2014-12-25,76,크리스마스
2014-12-26,60,
2014-12-27,69,
2014-12-28,70,
2014-12-29,54,
2014-12-30,58,
2014-12-31,72,
2015-01-01,100,정점(신정 - '국제시장' 자체가 실제 쇼핑명소라 신정 쇼핑수요와 혼재 가능성 유의)
2015-01-02,73,
2015-01-03,89,
2015-01-04,68,
2015-01-05,47,
2015-01-06,50,
2015-01-07,42,
2015-01-08,53,
2015-01-09,39,
2015-01-10,67,
2015-01-11,70,
2015-01-12,45,
2015-01-13,49,
2015-01-14,50,
2015-01-15,42,
2015-01-16,51,
2015-01-17,70,
2015-01-18,58,
2015-01-19,48,
2015-01-20,43,
2015-01-21,34,
2015-01-22,34,
2015-01-23,42,
2015-01-24,66,
2015-01-25,68,
