date,문경,note
2026-01-05,65,
2026-01-06,40,
2026-01-07,52,
2026-01-08,33,
2026-01-09,67,
2026-01-10,58,
2026-01-11,53,
2026-01-12,30,
2026-01-13,44,
2026-01-14,54,
2026-01-15,30,
2026-01-16,50,
2026-01-17,48,
2026-01-18,69,
2026-01-19,79,
2026-01-20,66,
2026-01-21,60,
2026-01-22,44,
2026-01-23,37,
2026-01-24,42,
2026-01-25,44,
2026-01-26,66,
2026-01-27,51,
2026-01-28,33,
2026-01-29,100,원인 불명 단발성 최고치 - 영화와 무관해 보임(개봉 6일 전, "문경"은 일반 지명이라 영화 외 요인 다수 혼재 가능)
2026-01-30,92,
2026-01-31,59,
2026-02-01,64,
2026-02-02,66,
2026-02-03,37,
2026-02-04,63,개봉일(D+0)
2026-02-05,47,
2026-02-06,43,
2026-02-07,51,
2026-02-08,36,
2026-02-09,49,
2026-02-10,59,
2026-02-11,0,결측치
2026-02-12,38,
2026-02-13,49,
2026-02-14,79,
2026-02-15,51,
2026-02-16,58,
2026-02-17,61,
2026-02-18,45,
2026-02-19,73,
2026-02-20,51,
2026-02-21,62,
2026-02-22,43,
2026-02-23,55,
2026-02-24,39,
2026-02-25,50,
2026-02-26,65,
2026-02-27,46,
2026-02-28,82,
2026-03-01,52,
2026-03-02,49,
2026-03-03,64,
2026-03-04,38,
2026-03-05,40,
2026-03-06,45,
2026-03-07,34,
2026-03-08,59,
2026-03-09,56,
2026-03-10,53,
2026-03-11,35,
2026-03-12,50,
2026-03-13,60,이후 데이터는 재조회 필요(429/렌더링 오류로 3/10 이후 구간 미수집)
