date,search_index_google_trends,keyword,note
2026-01-05,22,영월,
2026-01-06,15,영월,
2026-01-07,27,영월,
2026-01-08,20,영월,
2026-01-09,26,영월,
2026-01-10,27,영월,
2026-01-11,0,영월,결측치
2026-01-12,20,영월,
2026-01-13,15,영월,
2026-01-14,14,영월,
2026-01-15,22,영월,
2026-01-16,18,영월,
2026-01-17,0,영월,결측치
2026-01-18,24,영월,
2026-01-19,20,영월,
2026-01-20,20,영월,
2026-01-21,18,영월,
2026-01-22,21,영월,
2026-01-23,22,영월,
2026-01-24,0,영월,결측치
2026-01-25,20,영월,
2026-01-26,15,영월,
2026-01-27,30,영월,
2026-01-28,16,영월,
2026-01-29,21,영월,
2026-01-30,18,영월,
2026-01-31,22,영월,
2026-02-01,0,영월,결측치
2026-02-02,25,영월,
2026-02-03,16,영월,
2026-02-04,31,영월,개봉일(D+0)
2026-02-05,19,영월,
2026-02-06,29,영월,
2026-02-07,30,영월,
2026-02-08,37,영월,
2026-02-09,22,영월,
2026-02-10,29,영월,
2026-02-11,26,영월,
2026-02-12,15,영월,
2026-02-13,21,영월,
2026-02-14,32,영월,
2026-02-15,32,영월,
2026-02-16,46,영월,
2026-02-17,60,영월,설연휴(D+13) - 뉴스에서 확인된 방문급증 시점과 일치
2026-02-18,40,영월,
2026-02-19,66,영월,
2026-02-20,50,영월,
2026-02-21,50,영월,
2026-02-22,43,영월,
2026-02-23,56,영월,
2026-02-24,61,영월,
2026-02-25,60,영월,
2026-02-26,49,영월,
2026-02-27,52,영월,
2026-02-28,88,영월,
2026-03-01,93,영월,삼일절연휴
2026-03-02,100,영월,정점(index=100)
2026-03-03,67,영월,
2026-03-04,52,영월,
2026-03-05,62,영월,
2026-03-06,49,영월,강원도 안전점검 발표일(공식대응, D+30)
2026-03-07,61,영월,
2026-03-08,80,영월,
2026-03-09,61,영월,
2026-03-10,39,영월,
2026-03-11,35,영월,
2026-03-12,49,영월,
2026-03-13,51,영월,
