plan,test_region,n_train,n_test,MAE(배수오차),R2(log비율)
A0_달력만_Ridge,군위군,513,184,0.208,0.19
A0_달력만_Ridge,영월군,410,287,0.119,0.224
A0_달력만_Ridge,예산군,471,226,0.08,0.18
B_naver비율단독_Ridge,영월군,229,287,0.139,0.005
B_naver비율단독_Ridge,예산군,290,226,0.099,-0.056
A1_Ridge,영월군,222,280,0.117,0.261
A1_Ridge,예산군,283,219,0.075,0.249
A2_GBR,영월군,222,280,0.133,-0.027
A2_GBR,예산군,283,219,0.119,-0.429
C_GoogleTrends비율단독_Ridge,영월군,47,106,0.127,-0.032
C_GoogleTrends비율단독_Ridge,예산군,106,47,0.282,-9.672
A3_h7_달력만,군위군,513,184,0.208,0.19
A3_h7_달력만,영월군,410,287,0.119,0.224
A3_h7_달력만,예산군,471,226,0.08,0.18
A3_h7_달력+검색,영월군,222,273,0.12,0.216
A3_h7_달력+검색,예산군,283,212,0.084,0.064
